squad,player,CalcedPosition
Alavés,Adrián Marín,CB
Alavés,Aleix Vidal,AM
Alavés,Borja Sainz,WF
Alavés,Joselu,CF
Alavés,Lisandro Magallán,CB
Alavés,Ljubomir Fejsa,DM
Alavés,Lucas Pérez,CF
Alavés,Luis Rioja,DM
Alavés,Manu García,DM
Alavés,Martin Agirregabiria,FB
Alavés,Oliver Burke,WF
Alavés,Pere Pons,DM
Alavés,Rodrigo Ely,CB
Alavés,Rubén Duarte,FB
Alavés,Tomás Pina Isla,DM
Alavés,Víctor Camarasa,DM
Alavés,Víctor Laguardia,CB
Alavés,Wakaso,DM
Alavés,Ximo Navarro,CB
Alavés,Édgar Méndez,DM
Amiens,Alexis Blin,DM
Amiens,Arturo Calabresi,FB
Amiens,Aurélien Chedjou,CB
Amiens,Bakaye Dibassy,CB
Amiens,Bongani Zungu,DM
Amiens,Chadrac Akolo,WF
Amiens,Christophe Jallet,DM
Amiens,Eddy Gnahoré,DM
Amiens,Fousseni Diabaté,DM
Amiens,Gaël Kakuta,AM
Amiens,Haitam Aleesami,DM
Amiens,Jordan Lefort,CB
Amiens,Juan Ferney Otero,DM
Amiens,Moussa Konaté,CF
Amiens,Sehrou Guirassy,CF
Amiens,Stiven Mendoza,WF
Amiens,Thomas Monconduit,DM
Angers,Abdoulaye Bamba,FB
Angers,Angelo Fulgini,WF
Angers,Antonin Bobichon,CF
Angers,Baptiste Santamaria,DM
Angers,Casimir Ninga,WF
Angers,Ismaël Traoré,CB
Angers,Mateo Pavlović,CB
Angers,Mathias Pereira Lage,AM
Angers,Pierrick Capelle,DM
Angers,Rachid Alioui,CF
Angers,Rayan Aït Nouri,FB
Angers,Romain Thomas,CB
Angers,Sada Thioub,DM
Angers,Stéphane Bahoken,CF
Angers,Thomas Mangani,DM
Angers,Vincent Manceau,FB
Arsenal,Ainsley Maitland-Niles,FB
Arsenal,Alexandre Lacazette,CF
Arsenal,Bukayo Saka,FB
Arsenal,Calum Chambers,CB
Arsenal,Dani Ceballos,AM
Arsenal,David Luiz,CB
Arsenal,Eddie Nketiah,WF
Arsenal,Granit Xhaka,DM
Arsenal,Héctor Bellerín,FB
Arsenal,Joe Willock,WF
Arsenal,Kieran Tierney,FB
Arsenal,Lucas Torreira,DM
Arsenal,Martinelli,WF
Arsenal,Mattéo Guendouzi,DM
Arsenal,Mesut Özil,AM
Arsenal,Nicolas Pépé,WF
Arsenal,Pierre-Emerick Aubameyang,CF
Arsenal,Reiss Nelson,WF
Arsenal,Rob Holding,FB
Arsenal,Sead Kolašinac,FB
Arsenal,Shkodran Mustafi,CB
Arsenal,Sokratis Papastathopoulos,CB
Aston Villa,Ahmed Elmohamady,FB
Aston Villa,Anwar El Ghazi,WF
Aston Villa,Björn Engels,CB
Aston Villa,Conor Hourihane,FB
Aston Villa,Douglas Luiz,DM
Aston Villa,Ezri Konsa,DM
Aston Villa,Frederic Guilbert,FB
Aston Villa,Jack Grealish,WF
Aston Villa,John McGinn,CF
Aston Villa,Keinan Davis,CF
Aston Villa,Kortney Hause,CB
Aston Villa,Marvelous Nakamba,DM
Aston Villa,Matt Targett,FB
Aston Villa,Mbwana Samatta,CF
Aston Villa,Neil Taylor,CB
Aston Villa,Trézéguet,CF
Aston Villa,Tyrone Mings,CB
Aston Villa,Wesley Moraes,CF
Atalanta,Berat Djimsiti,CB
Atalanta,Duván Zapata,CF
Atalanta,Hans Hateboer,FB
Atalanta,Josip Iličić,WF
Atalanta,José Luis Palomino,AM
Atalanta,Luis Muriel,WF
Atalanta,Mario Pašalić,WF
Atalanta,Marten de Roon,AM
Atalanta,Mattia Caldara,AM
Atalanta,Papu Gómez,WF
Atalanta,Rafael Tolói,DM
Atalanta,Remo Freuler,DM
Atalanta,Robin Gosens,AM
Atalanta,Ruslan Malinovskyi,AM
Atalanta,Timothy Castagne,FB
Athletic Club,Ander Capa,FB
Athletic Club,Asier Villalibre,WF
Athletic Club,Dani García,DM
Athletic Club,Ibai Gómez,WF
Athletic Club,Iker Muniain,WF
Athletic Club,Iñaki Williams,WF
Athletic Club,Iñigo Córdoba,AM
Athletic Club,Iñigo Lekue,DM
Athletic Club,Iñigo Martínez,CB
Athletic Club,Mikel Balenziaga,FB
Athletic Club,Mikel Vesga,DM
Athletic Club,Oihan Sancet,AM
Athletic Club,Raúl García,WF
Athletic Club,Unai López,DM
Athletic Club,Unai Núñez,CB
Athletic Club,Yeray Álvarez,CB
Athletic Club,Yuri Berchiche,FB
Athletic Club,Óscar de Marcos,FB
Atlético Madrid,Diego Costa,CF
Atlético Madrid,Felipe,CB
Atlético Madrid,Héctor Herrera,DM
Atlético Madrid,José María Giménez,CB
Atlético Madrid,João Félix,CF
Atlético Madrid,Kieran Trippier,FB
Atlético Madrid,Koke,DM
Atlético Madrid,Marcos Llorente,AM
Atlético Madrid,Mario Hermoso,CB
Atlético Madrid,Renan Lodi,FB
Atlético Madrid,Santiago Arias,FB
Atlético Madrid,Saúl Ñíguez,DM
Atlético Madrid,Stefan Savić,CB
Atlético Madrid,Thomas Lemar,DM
Atlético Madrid,Thomas Partey,AM
Atlético Madrid,Vitolo,WF
Atlético Madrid,Yannick Carrasco,CF
Atlético Madrid,Álvaro Morata,WF
Atlético Madrid,Ángel Correa,CF
Augsburg,Alfreð Finnbogason,CF
Augsburg,André Hahn,CF
Augsburg,Carlos Gruezo,DM
Augsburg,Daniel Baier,DM
Augsburg,Eduard Löwen,DM
Augsburg,Florian Niederlechner,CF
Augsburg,Fredrik Jensen,AM
Augsburg,Iago,DM
Augsburg,Jan Morávek,DM
Augsburg,Marco Richter,CF
Augsburg,Ohis Felix Uduokhai,CB
Augsburg,Philipp Max,FB
Augsburg,Rani Khedira,DM
Augsburg,Raphael Framberger,FB
Augsburg,Ruben Vargas,WF
Augsburg,Stephan Lichtsteiner,FB
Augsburg,Tin Jedvaj,CB
Barcelona,Ansu Fati,WF
Barcelona,Antoine Griezmann,AM
Barcelona,Arthur Melo,AM
Barcelona,Arturo Vidal,WF
Barcelona,Carles Pérez,WF
Barcelona,Clément Lenglet,CB
Barcelona,Frenkie de Jong,DM
Barcelona,Gerard Piqué,CB
Barcelona,Ivan Rakitić,DM
Barcelona,Jordi Alba,FB
Barcelona,Junior Firpo,DM
Barcelona,Lionel Messi,WF
Barcelona,Luis Suárez,CF
Barcelona,Nélson Semedo,DM
Barcelona,Riqui Puig,AM
Barcelona,Sergi Roberto,FB
Barcelona,Sergio Busquets,AM
Bayern Munich,Alphonso Davies,FB
Bayern Munich,Benjamin Pavard,FB
Bayern Munich,Corentin Tolisso,AM
Bayern Munich,David Alaba,FB
Bayern Munich,Ivan Perišić,AM
Bayern Munich,Javi Martínez,CB
Bayern Munich,Joshua Kimmich,AM
Bayern Munich,Jérôme Boateng,CB
Bayern Munich,Kingsley Coman,WF
Bayern Munich,Leon Goretzka,AM
Bayern Munich,Lucas Hernández,CB
Bayern Munich,Niklas Süle,CB
Bayern Munich,Philippe Coutinho,AM
Bayern Munich,Robert Lewandowski,CF
Bayern Munich,Serge Gnabry,WF
Bayern Munich,Thiago Alcántara,AM
Bayern Munich,Thomas Müller,AM
Betis,Alfonso Pedraza,FB
Betis,Andrés Guardado,DM
Betis,Antonio Barragán,FB
Betis,Aïssa Mandi,CB
Betis,Borja Iglesias,CF
Betis,Carles Aleñá,WF
Betis,Cristian Tello,WF
Betis,Emerson,FB
Betis,Guido Rodríguez,AM
Betis,Joaquín,WF
Betis,Loren Morón,CF
Betis,Marc Bartra,CB
Betis,Nabil Fekir,WF
Betis,Sergio Canales,FB
Betis,Sidnei,CB
Betis,William Carvalho,DM
Betis,Zouhair Feddal,CB
Betis,Álex Moreno,FB
Betis,Édgar González,WF
Bologna,Andrea Poli,DM
Bologna,Andreas Skov Olsen,WF
Bologna,Blerim Džemaili,DM
Bologna,Danilo Larangeira,CB
Bologna,Federico Santander,CF
Bologna,Gary Medel,DM
Bologna,Ibrahima Mbaye,FB
Bologna,Jerdy Schouten,DM
Bologna,Ladislav Krejčí,DM
Bologna,Mattia Bani,CB
Bologna,Mattias Svanberg,WF
Bologna,Musa Barrow,WF
Bologna,Nicola Sansone,WF
Bologna,Nicolás Domínguez,DM
Bologna,Riccardo Orsolini,WF
Bologna,Roberto Soriano,WF
Bologna,Rodrigo Palacio,CF
Bologna,Stefano Denswil,DM
Bologna,Takehiro Tomiyasu,FB
Bordeaux,Aurélien Tchouaméni,DM
Bordeaux,Enock Kwateng,DM
Bordeaux,François Kamano,WF
Bordeaux,Hwang Ui-jo,CF
Bordeaux,Jimmy Briand,CF
Bordeaux,Josh Maja,CF
Bordeaux,Laurent Koscielny,CB
Bordeaux,Loris Benito,FB
Bordeaux,Mexer,CB
Bordeaux,Nicolas de Préville,WF
Bordeaux,Otávio,DM
Bordeaux,Pablo,CB
Bordeaux,Remi Oudin,WF
Bordeaux,Samuel Kalu,CF
Bordeaux,Toma Bašić,AM
Bordeaux,Yacine Adli,AM
Bordeaux,Youssef Aït Bennasser,AM
Bordeaux,Youssouf Sabaly,FB
Bournemouth,Adam Smith,FB
Bournemouth,Arnaut Groeneveld,WF
Bournemouth,Callum Wilson,CF
Bournemouth,Chris Mepham,AM
Bournemouth,Dan Gosling,WF
Bournemouth,David Brooks,CF
Bournemouth,Diego Rico,FB
Bournemouth,Dominic Solanke,WF
Bournemouth,Harry Wilson,CF
Bournemouth,Jack Stacey,FB
Bournemouth,Jefferson Lerma,DM
Bournemouth,Joshua King,WF
Bournemouth,Junior Stanislas,DM
Bournemouth,Lewis Cook,DM
Bournemouth,Lloyd Kelly,FB
Bournemouth,Nathan Aké,CB
Bournemouth,Philip Billing,DM
Bournemouth,Ryan Fraser,WF
Bournemouth,Simon Francis,FB
Bournemouth,Steve Cook,CB
Brescia,Alessandro Semprini,FB
Brescia,Aleš Matějů,FB
Brescia,Alfredo Donnarumma,CF
Brescia,Andrea Cistana,CB
Brescia,Andrea Papetti,CB
Brescia,Birkir Bjarnason,AM
Brescia,Bruno Martella,FB
Brescia,Daniele Dessena,DM
Brescia,Dimitri Bisoli,DM
Brescia,Emanuele Ndoj,WF
Brescia,Ernesto Torregrossa,CF
Brescia,Florian Ayé,CF
Brescia,Jaromír Zmrhal,DM
Brescia,Jhon Chancellor,CB
Brescia,Mario Balotelli,CF
Brescia,Massimiliano Mangraviti,FB
Brescia,Nikolas Špalek,WF
Brescia,Rômulo,DM
Brescia,Sandro Tonali,AM
Brescia,Stefano Sabelli,DM
Brest,Alexandre Mendy,CF
Brest,Brendan Chardonnet,CB
Brest,Cristian Battocchio,DM
Brest,Dénys Bain,CB
Brest,Gaëtan Belaud,FB
Brest,Gaëtan Charbonnier,WF
Brest,Haris Belkebla,DM
Brest,Ibrahima Diallo,DM
Brest,Irvin Cardona,WF
Brest,Jean-Charles Castelletto,CB
Brest,Jean-Kevin Duverne,CB
Brest,Julien Faussurier,FB
Brest,Ludovic Baal,DM
Brest,Mathias Autret,AM
Brest,Paul Lasne,DM
Brest,Romain Perraud,FB
Brest,Samuel Grandsir,WF
Brest,Yoann Court,AM
Brighton,Aaron Connolly,CF
Brighton,Aaron Mooy,DM
Brighton,Adam Webster,CB
Brighton,Bernardo,FB
Brighton,Dale Stephens,DM
Brighton,Dan Burn,FB
Brighton,Davy Pröpper,DM
Brighton,Glenn Murray,CF
Brighton,Leandro Trossard,CF
Brighton,Lewis Dunk,CB
Brighton,Martín Montoya,DM
Brighton,Neal Maupay,CF
Brighton,Pascal Groß,AM
Brighton,Shane Duffy,CB
Brighton,Solly March,FB
Brighton,Steven Alzate,DM
Brighton,Tariq Lamptey,FB
Brighton,Yves Bissouma,DM
Burnley,Aaron Lennon,DM
Burnley,Ashley Barnes,CF
Burnley,Ashley Westwood,DM
Burnley,Ben Mee,CB
Burnley,Charlie Taylor,FB
Burnley,Chris Wood,CF
Burnley,Dwight McNeil,AM
Burnley,Erik Pieters,FB
Burnley,Jack Cork,DM
Burnley,James Tarkowski,CB
Burnley,Jay Rodriguez,CF
Burnley,Jeff Hendrick,DM
Burnley,Josh Brownhill,DM
Burnley,Jóhann Berg Guðmundsson,CF
Burnley,Kevin Long,CB
Burnley,Matěj Vydra,CF
Burnley,Phil Bardsley,FB
Cagliari,Artur Ioniță,DM
Cagliari,Charalambos Lykogiannis,CB
Cagliari,Christian Oliva,CB
Cagliari,Fabio Pisacane,CB
Cagliari,Fabrizio Cacciatore,FB
Cagliari,Federico Mattiello,FB
Cagliari,Giovanni Simeone,CF
Cagliari,João Pedro,CF
Cagliari,Luca Ceppitelli,CB
Cagliari,Luca Cigarini,FB
Cagliari,Luca Pellegrini,FB
Cagliari,Lucas Castro,DM
Cagliari,Marko Rog,DM
Cagliari,Nahitan Nández,DM
Cagliari,Paolo Faragò,DM
Cagliari,Radja Nainggolan,FB
Cagliari,Ragnar Klavan,CB
Cagliari,Sebastian Walukiewicz,FB
Celta Vigo,Brais Méndez,DM
Celta Vigo,Denis Suárez,DM
Celta Vigo,Filip Bradarić,DM
Celta Vigo,Fran Beltrán,DM
Celta Vigo,Fyodor Smolov,CF
Celta Vigo,Gabriel Fernández,CF
Celta Vigo,Hugo Mallo,FB
Celta Vigo,Iago Aspas,WF
Celta Vigo,Jeison Murillo,CB
Celta Vigo,Joseph Aidoo,CB
Celta Vigo,Kevin Vázquez,FB
Celta Vigo,Lucas Olaza,FB
Celta Vigo,Néstor Araujo,CB
Celta Vigo,Okay Yokuşlu,FB
Celta Vigo,Pape Cheikh Diop,AM
Celta Vigo,Pione Sisto,WF
Celta Vigo,Rafinha,DM
Celta Vigo,Santi Mina,CF
Celta Vigo,Stanislav Lobotka,DM
Chelsea,Andreas Christensen,CB
Chelsea,Antonio Rüdiger,CB
Chelsea,Callum Hudson-Odoi,WF
Chelsea,Christian Pulisic,WF
Chelsea,César Azpilicueta,FB
Chelsea,Emerson Palmieri,FB
Chelsea,Fikayo Tomori,CB
Chelsea,Jorginho,DM
Chelsea,Kurt Zouma,CB
Chelsea,Marcos Alonso,FB
Chelsea,Mason Mount,AM
Chelsea,Mateo Kovačić,DM
Chelsea,N'Golo Kanté,DM
Chelsea,Olivier Giroud,CF
Chelsea,Pedro,WF
Chelsea,Reece James,FB
Chelsea,Ross Barkley,AM
Chelsea,Tammy Abraham,CF
Chelsea,Willian,WF
Crystal Palace,Andros Townsend,DM
Crystal Palace,Cheikhou Kouyaté,AM
Crystal Palace,Christian Benteke,CF
Crystal Palace,Gary Cahill,CB
Crystal Palace,James McArthur,DM
Crystal Palace,James McCarthy,DM
Crystal Palace,James Tomkins,CB
Crystal Palace,Jaïro Riedewald,FB
Crystal Palace,Jeffrey Schlupp,CF
Crystal Palace,Joel Ward,FB
Crystal Palace,Jordan Ayew,WF
Crystal Palace,Luka Milivojević,DM
Crystal Palace,Martin Kelly,CB
Crystal Palace,Max Meyer,DM
Crystal Palace,Patrick van Aanholt,DM
Crystal Palace,Scott Dann,CB
Crystal Palace,Wilfried Zaha,WF
Dijon,Bruno Ecuele Manga,CB
Dijon,Didier Ibrahim Ndong,DM
Dijon,Fouad Chafik,FB
Dijon,Frédéric Sammaritano,FB
Dijon,Hamza Mendyl,DM
Dijon,Jhonder Cádiz,CF
Dijon,Júlio Tavares,CF
Dijon,Mama Samba Baldé,CF
Dijon,Matheus Pereira da Silva,DM
Dijon,Mickaël Alphonse,FB
Dijon,Mounir Chouiar,WF
Dijon,Nayef Aguerd,CB
Dijon,Romain Amalfitano,DM
Dijon,Senou Coulibaly,CB
Dijon,Stephy Mavididi,WF
Dijon,Wesley Lautoa,AM
Dortmund,Achraf Hakimi,FB
Dortmund,Axel Witsel,AM
Dortmund,Dan-Axel Zagadou,CB
Dortmund,Emre Can,DM
Dortmund,Jadon Sancho,WF
Dortmund,Julian Brandt,AM
Dortmund,Julian Weigl,DM
Dortmund,Mahmoud Dahoud,WF
Dortmund,Manuel Akanji,CB
Dortmund,Marco Reus,AM
Dortmund,Mario Götze,AM
Dortmund,Mats Hummels,CB
Dortmund,Nico Schulz,FB
Dortmund,Paco Alcácer,CF
Dortmund,Raphaël Guerreiro,DM
Dortmund,Thomas Delaney,DM
Dortmund,Thorgan Hazard,AM
Dortmund,Łukasz Piszczek,FB
Düsseldorf,Adam Bodzek,DM
Düsseldorf,Alfredo Morales,DM
Düsseldorf,André Hoffmann,CB
Düsseldorf,Dawid Kownacki,WF
Düsseldorf,Erik Thommy,WF
Düsseldorf,Jean Zimmer,FB
Düsseldorf,Kaan Ayhan,DM
Düsseldorf,Kasim Nuhu,CB
Düsseldorf,Kenan Karaman,CF
Düsseldorf,Kevin Stöger,AM
Düsseldorf,Lewis Baker,DM
Düsseldorf,Marcel Sobottka,DM
Düsseldorf,Markus Suttner,FB
Düsseldorf,Matthias Zimmermann,FB
Düsseldorf,Niko Gießelmann,FB
Düsseldorf,Oliver Fink,AM
Düsseldorf,Opoku Ampomah,CF
Düsseldorf,Rouwen Hennings,CF
Düsseldorf,Steven Skrzybski,CF
Düsseldorf,Valon Berisha,DM
Eibar,Anaitz Arbilla,CB
Eibar,Charles,CF
Eibar,Edu Expósito,DM
Eibar,Esteban Burgos,CB
Eibar,Fabián Orellana,WF
Eibar,Gonzalo Escalante,DM
Eibar,Iván Ramis,CB
Eibar,José Ángel,FB
Eibar,Kike,CF
Eibar,Pablo de Blasis,FB
Eibar,Papakouli Diop,DM
Eibar,Paulo Oliveira,CB
Eibar,Pedro Bigas,CB
Eibar,Pedro León,CF
Eibar,Quique,CF
Eibar,Rober Correa,FB
Eibar,Sebastián Cristóforo,DM
Eibar,Sergi Enrich,DM
Eibar,Sergio Álvarez,DM
Eibar,Takashi Inui,CF
Eibar,Álvaro Tejero,FB
Eint Frankfurt,Almamy Touré,FB
Eint Frankfurt,André Silva,CF
Eint Frankfurt,Bas Dost,CF
Eint Frankfurt,Daichi Kamada,WF
Eint Frankfurt,Danny da Costa,AM
Eint Frankfurt,David Abraham,DM
Eint Frankfurt,Djibril Sow,DM
Eint Frankfurt,Dominik Kohr,DM
Eint Frankfurt,Erik Durm,DM
Eint Frankfurt,Filip Kostić,WF
Eint Frankfurt,Gonçalo Paciência,CF
Eint Frankfurt,Martin Hinteregger,CB
Eint Frankfurt,Mijat Gaćinović,WF
Eint Frankfurt,Obite N'Dicka,DM
Eint Frankfurt,Sebastian Rode,DM
Eint Frankfurt,Stefan Ilsanker,CB
Eint Frankfurt,Timothy Chandler,CF
Espanyol,Adri Embarba,WF
Espanyol,Bernardo Espinosa,CB
Espanyol,David López,DM
Espanyol,Dídac Vilà,FB
Espanyol,Esteban Granero,WF
Espanyol,Facundo Ferreyra,CF
Espanyol,Javi López,FB
Espanyol,Jonathan Calleri,CF
Espanyol,Leandro Cabrera,CB
Espanyol,Marc Roca,DM
Espanyol,Matías Vargas,DM
Espanyol,Naldo,CB
Espanyol,Pedrosa,WF
Espanyol,Pipa,FB
Espanyol,Raúl de Tomás,CF
Espanyol,Sergi Darder,DM
Espanyol,Victor Perea,FB
Espanyol,Víctor Campuzano,WF
Espanyol,Víctor Sánchez,DM
Espanyol,Wu Lei,CF
Espanyol,Óscar Melendo,FB
Everton,Alex Iwobi,WF
Everton,André Gomes,DM
Everton,Bernard,AM
Everton,Djibril Sidibé,FB
Everton,Dominic Calvert-Lewin,CF
Everton,Fabian Delph,FB
Everton,Gylfi Sigurðsson,DM
Everton,Lucas Digne,FB
Everton,Mason Holgate,CB
Everton,Michael Keane,CB
Everton,Moise Kean,WF
Everton,Morgan Schneiderlin,DM
Everton,Richarlison,WF
Everton,Séamus Coleman,FB
Everton,Theo Walcott,CF
Everton,Tom Davies,DM
Everton,Yerry Mina,CB
Fiorentina,Alfred Duncan,DM
Fiorentina,Dalbert Henrique,DM
Fiorentina,Dušan Vlahović,CF
Fiorentina,Erick Pulgar,DM
Fiorentina,Federico Ceccherini,CB
Fiorentina,Federico Chiesa,WF
Fiorentina,Franck Ribéry,WF
Fiorentina,Gaetano Castrovilli,DM
Fiorentina,Germán Pezzella,CB
Fiorentina,Igor,FB
Fiorentina,Kevin-Prince Boateng,CF
Fiorentina,Lorenzo Venuti,FB
Fiorentina,Marco Benassi,DM
Fiorentina,Martín Cáceres,CB
Fiorentina,Milan Badelj,DM
Fiorentina,Nikola Milenković,DM
Fiorentina,Patrick Cutrone,CF
Fiorentina,Pol Lirola,FB
Fiorentina,Rachid Ghezzal,DM
Fiorentina,Riccardo Sottil,DM
Freiburg,Amir Abrashi,DM
Freiburg,Christian Günter,FB
Freiburg,Dominique Heintz,CB
Freiburg,Janik Haberer,DM
Freiburg,Jonathan Schmid,FB
Freiburg,Kwon Chang-hoon,CF
Freiburg,Luca Waldschmidt,CF
Freiburg,Lucas Höler,WF
Freiburg,Manuel Gulde,CB
Freiburg,Nicolas Höfler,DM
Freiburg,Nils Petersen,CF
Freiburg,Philipp Lienhart,CB
Freiburg,Robin Koch,CB
Freiburg,Roland Sallai,WF
Freiburg,Vincenzo Grifo,WF
Genoa,Adama Soumaoro,CB
Genoa,Andrea Favilli,WF
Genoa,Andrea Masiello,FB
Genoa,Andrea Pinamonti,CF
Genoa,Antonio Barreca,FB
Genoa,Antonio Sanabria,CF
Genoa,Christian Kouamé,CF
Genoa,Cristian Romero,CB
Genoa,Cristián Zapata,CB
Genoa,Davide Biraschi,FB
Genoa,Domenico Criscito,FB
Genoa,Edoardo Goldaniga,FB
Genoa,Filip Jagiełło,AM
Genoa,Francesco Cassata,DM
Genoa,Goran Pandev,CF
Genoa,Iago Falque,DM
Genoa,Ivan Radovanović,DM
Genoa,Kevin Agudelo,WF
Genoa,Lasse Schöne,DM
Genoa,Lukas Lerager,DM
Genoa,Marko Pajač,FB
Genoa,Paolo Ghiglione,FB
Genoa,Peter Ankersen,FB
Genoa,Stefano Sturaro,WF
Genoa,Valon Behrami,DM
Getafe,Allan Nyom,FB
Getafe,Damián Suárez,AM
Getafe,David Timor,DM
Getafe,Djené,CB
Getafe,Jaime Mata,CF
Getafe,Jason,AM
Getafe,Jorge Molina,CF
Getafe,Kenedy,AM
Getafe,Leandro Cabrera,CB
Getafe,Marc Cucurella,DM
Getafe,Mathías Olivera,DM
Getafe,Mauro Arambarri,DM
Getafe,Nemanja Maksimović,DM
Getafe,Oghenekaro Etebo,DM
Getafe,Xabier Etxeita,FB
Getafe,Ángel Rodríguez,CF
Granada,Antonio Puertas,WF
Granada,Carlos Fernández,CF
Granada,Carlos Neva,FB
Granada,Darwin Machís,CF
Granada,Dimitri Foulquier,FB
Granada,Domingos Duarte,CB
Granada,Fede Vico,DM
Granada,Germán Sánchez,CB
Granada,Jesús Vallejo,CB
Granada,José Antonio Martínez Gil,CB
Granada,Maxime Gonalons,DM
Granada,Quini,FB
Granada,Ramon Azeez,DM
Granada,Roberto Soldado,CF
Granada,Víctor Díaz,FB
Granada,Yan Brice Eteki,DM
Granada,Yangel Herrera,AM
Granada,Álvaro Vadillo,FB
Granada,Ángel Montoro,AM
Hellas Verona,Alan Empereur,FB
Hellas Verona,Amir Rrahmani,AM
Hellas Verona,Darko Lazović,FB
Hellas Verona,Davide Faraoni,FB
Hellas Verona,Eddy Salcedo,CF
Hellas Verona,Fabio Borini,WF
Hellas Verona,Federico Dimarco,FB
Hellas Verona,Koray Günter,CB
Hellas Verona,Marash Kumbulla,CB
Hellas Verona,Mariusz Stępiński,CF
Hellas Verona,Matteo Pessina,WF
Hellas Verona,Mattia Zaccagni,WF
Hellas Verona,Miguel Veloso,DM
Hellas Verona,Paweł Dawidowicz,AM
Hellas Verona,Samuel Di Carmine,CF
Hellas Verona,Sofyan Amrabat,DM
Hellas Verona,Valerio Verre,CF
Hertha BSC,Arne Maier,DM
Hertha BSC,Davie Selke,WF
Hertha BSC,Dedryck Boyata,CB
Hertha BSC,Dodi Lukebakio,WF
Hertha BSC,Javairô Dilrosun,CF
Hertha BSC,Jordan Torunarigha,FB
Hertha BSC,Karim Rekik,CB
Hertha BSC,Krzysztof Piątek,CF
Hertha BSC,Lukas Klünter,FB
Hertha BSC,Marius Wolf,AM
Hertha BSC,Marko Grujić,WF
Hertha BSC,Marvin Plattenhardt,FB
Hertha BSC,Matheus Cunha,CF
Hertha BSC,Maximilian Mittelstädt,FB
Hertha BSC,Niklas Stark,CB
Hertha BSC,Per Ciljan Skjelbred,DM
Hertha BSC,Peter Pekarík,FB
Hertha BSC,Santiago Ascacíbar,DM
Hertha BSC,Vedad Ibišević,CF
Hertha BSC,Vladimír Darida,DM
Hoffenheim,Andrej Kramarić,WF
Hoffenheim,Benjamin Hübner,CB
Hoffenheim,Christoph Baumgartner,WF
Hoffenheim,Dennis Geiger,AM
Hoffenheim,Diadie Samassékou,DM
Hoffenheim,Ermin Bičakčić,CB
Hoffenheim,Florian Grillitsch,DM
Hoffenheim,Håvard Nordtveit,CB
Hoffenheim,Ihlas Bebou,WF
Hoffenheim,Jürgen Locadia,CF
Hoffenheim,Kevin Akpoguma,FB
Hoffenheim,Moanes Dabour,CF
Hoffenheim,Pavel Kadeřábek,FB
Hoffenheim,Robert Skov,WF
Hoffenheim,Sargis Adamyan,WF
Hoffenheim,Sebastian Rudy,DM
Hoffenheim,Stefan Posch,CB
Hoffenheim,Steven Zuber,FB
Inter,Alessandro Bastoni,FB
Inter,Alexis Sánchez,AM
Inter,Andrea Ranocchia,CB
Inter,Antonio Candreva,FB
Inter,Ashley Young,FB
Inter,Borja Valero,AM
Inter,Christian Eriksen,WF
Inter,Cristiano Biraghi,FB
Inter,Danilo D'Ambrosio,DM
Inter,Diego Godín,CB
Inter,Kwadwo Asamoah,FB
Inter,Lautaro Martínez,WF
Inter,Marcelo Brozović,AM
Inter,Matías Vecino,WF
Inter,Milan Škriniar,FB
Inter,Nicolò Barella,DM
Inter,Roberto Gagliardini,CF
Inter,Romelu Lukaku,CF
Inter,Stefan de Vrij,CB
Inter,Stefano Sensi,AM
Juventus,Aaron Ramsey,WF
Juventus,Adrien Rabiot,DM
Juventus,Alex Sandro,FB
Juventus,Blaise Matuidi,DM
Juventus,Cristiano Ronaldo,WF
Juventus,Daniele Rugani,CB
Juventus,Danilo,DM
Juventus,Douglas Costa,FB
Juventus,Federico Bernardeschi,WF
Juventus,Gonzalo Higuaín,CF
Juventus,Juan Cuadrado,FB
Juventus,Leonardo Bonucci,CB
Juventus,Matthijs de Ligt,CB
Juventus,Mattia De Sciglio,FB
Juventus,Miralem Pjanić,AM
Juventus,Paulo Dybala,AM
Juventus,Rodrigo Bentancur,AM
Juventus,Sami Khedira,WF
Köln,Anthony Modeste,CF
Köln,Benno Schmitz,FB
Köln,Birger Verstraete,DM
Köln,Dominick Drexler,WF
Köln,Ellyes Skhiri,DM
Köln,Elvis Rexhbeçaj,WF
Köln,Florian Kainz,CF
Köln,Ismail Jakobs,DM
Köln,Jan Thielmann,DM
Köln,Jhon Córdoba,CF
Köln,Jonas Hector,DM
Köln,Jorge Meré,CB
Köln,Kingsley Ehizibue,FB
Köln,Kingsley Schindler,AM
Köln,Louis Schaub,DM
Köln,Marco Höger,DM
Köln,Mark Uth,WF
Köln,Noah Katterbach,FB
Köln,Rafael Czichos,CB
Köln,Sebastiaan Bornauw,CB
Köln,Simon Terodde,CF
Köln,Toni Leistner,CB
Lazio,Adam Marušić,CF
Lazio,Bastos,AM
Lazio,Ciro Immobile,CF
Lazio,Danilo Cataldi,DM
Lazio,Felipe Caicedo,WF
Lazio,Francesco Acerbi,DM
Lazio,Joaquín Correa,WF
Lazio,Jony,FB
Lazio,Lucas Leiva,DM
Lazio,Luis Alberto,WF
Lazio,Luiz Felipe,CB
Lazio,Manuel Lazzari,FB
Lazio,Marco Parolo,DM
Lazio,Patric,CB
Lazio,Senad Lulić,DM
Lazio,Sergej Milinković-Savić,AM
Lazio,Ștefan Radu,CB
Lecce,Alessandro Deiola,DM
Lecce,Andrea La Mantia,CF
Lecce,Andrea Rispoli,FB
Lecce,Andrea Tabanelli,DM
Lecce,Antonín Barák,WF
Lecce,Biagio Meccariello,FB
Lecce,Diego Farias,CF
Lecce,Fabio Lucioni,CB
Lecce,Filippo Falco,WF
Lecce,Gianluca Lapadula,CF
Lecce,Giulio Donati,FB
Lecce,Jacopo Petriccione,FB
Lecce,Khouma Babacar,WF
Lecce,Luca Rossettini,CB
Lecce,Marco Calderoni,FB
Lecce,Marco Mancosu,WF
Lecce,Nehuén Paz,CB
Lecce,Panagiotis Tachtsidis,DM
Lecce,Riccardo Saponara,WF
Lecce,Yevhen Shakhov,AM
Lecce,Žan Majer,DM
Leganés,Aitor Ruibal,DM
Leganés,Bryan,WF
Leganés,Chidozie Awaziem,CB
Leganés,Dimitris Siovas,CB
Leganés,Guido Carrillo,CF
Leganés,Ibrahim Amadou,DM
Leganés,Javier Eraso,DM
Leganés,Jonathan Silva,FB
Leganés,Kenneth Omeruo,CB
Leganés,Kévin Rodrigues,DM
Leganés,Martin Braithwaite,CF
Leganés,Miguel Ángel Guerrero,CF
Leganés,Recio,DM
Leganés,Roberto Rosales,FB
Leganés,Rodrigo Tarín,CB
Leganés,Roger Assalé,CF
Leganés,Roque Mesa,AM
Leganés,Rubén Pérez,DM
Leganés,Unai Bustinza,FB
Leganés,Youssef En-Nesyri,CF
Leganés,Óscar Rodríguez Arnaiz,WF
Leicester City,Ayoze Pérez,WF
Leicester City,Ben Chilwell,FB
Leicester City,Christian Fuchs,CB
Leicester City,Demarai Gray,WF
Leicester City,Dennis Praet,AM
Leicester City,Hamza Choudhury,DM
Leicester City,Harvey Barnes,WF
Leicester City,James Justin,FB
Leicester City,James Maddison,AM
Leicester City,Jamie Vardy,CF
Leicester City,Jonny Evans,CB
Leicester City,Kelechi Iheanacho,CF
Leicester City,Marc Albrighton,AM
Leicester City,Ricardo Pereira,FB
Leicester City,Wilfred Ndidi,DM
Leicester City,Youri Tielemans,DM
Leicester City,Çağlar Söyüncü,CB
Levante,Borja Mayoral,CF
Levante,Bruno González,CB
Levante,Carlos Clerc,FB
Levante,Coke,FB
Levante,Enis Bardhi,WF
Levante,Erick Cabaco,CB
Levante,Gonzalo Melero,DM
Levante,Hernâni Fortes,WF
Levante,Jorge Miramón,FB
Levante,José Campaña,AM
Levante,José Luis Morales,WF
Levante,Nemanja Radoja,DM
Levante,Nikola Vukčević,DM
Levante,Roger Martí,CF
Levante,Rubén Rochina,AM
Levante,Rúben Vezo,CB
Levante,Sergio León,CF
Levante,Sergio Postigo,CB
Levante,Toño,FB
Leverkusen,Aleksandar Dragović,CB
Leverkusen,Charles Aránguiz,DM
Leverkusen,Edmond Tapsoba,CB
Leverkusen,Jonathan Tah,FB
Leverkusen,Julian Baumgartlinger,DM
Leverkusen,Kai Havertz,AM
Leverkusen,Karim Bellarabi,WF
Leverkusen,Kerem Demirbay,WF
Leverkusen,Kevin Volland,CF
Leverkusen,Lars Bender,DM
Leverkusen,Leon Bailey,WF
Leverkusen,Lucas Alario,CF
Leverkusen,Mitchell Weiser,DM
Leverkusen,Moussa Diaby,WF
Leverkusen,Nadiem Amiri,AM
Leverkusen,Sven Bender,DM
Leverkusen,Wendell,DM
Lille,Benjamin André,DM
Lille,Boubakary Soumaré,DM
Lille,Domagoj Bradarić,FB
Lille,Gabriel Dos Santos,CB
Lille,Jonathan Bamba,WF
Lille,Jonathan Ikone,WF
Lille,José Fonte,CB
Lille,Loïc Rémy,CF
Lille,Luiz Araújo,WF
Lille,Reinildo Mandava,DM
Lille,Renato Sanches,DM
Lille,Victor Osimhen,CF
Lille,Xeka,DM
Lille,Yusuf Yazıcı,AM
Lille,Zeki Çelik,DM
Liverpool,Alex Oxlade-Chamberlain,AM
Liverpool,Andrew Robertson,FB
Liverpool,Dejan Lovren,CB
Liverpool,Divock Origi,CF
Liverpool,Fabinho,DM
Liverpool,Georginio Wijnaldum,DM
Liverpool,James Milner,AM
Liverpool,Joe Gomez,CB
Liverpool,Jordan Henderson,DM
Liverpool,Joël Matip,CB
Liverpool,Mohamed Salah,WF
Liverpool,Naby Keïta,DM
Liverpool,Roberto Firmino,CF
Liverpool,Sadio Mané,WF
Liverpool,Trent Alexander-Arnold,FB
Liverpool,Virgil van Dijk,CB
Lyon,Bertrand Traoré,WF
Lyon,Fernando Marçal,FB
Lyon,Houssem Aouar,WF
Lyon,Jason Denayer,CB
Lyon,Jeff Reine-Adélaïde,AM
Lyon,Joachim Andersen,CB
Lyon,Karl Toko Ekambi,CF
Lyon,Kenny Tete,FB
Lyon,Leo Dubois,FB
Lyon,Lucas Tousart,DM
Lyon,Marcelo,CB
Lyon,Martin Terrier,CF
Lyon,Maxence Caqueret,DM
Lyon,Maxwel Cornet,WF
Lyon,Memphis Depay,CF
Lyon,Moussa Dembélé,CF
Lyon,Rafael,DM
Lyon,Thiago Mendes,AM
Lyon,Youssouf Koné,FB
Mainz 05,Aarón Martín,FB
Mainz 05,Alexander Hack,AM
Mainz 05,Daniel Brosinski,FB
Mainz 05,Danny Latza,DM
Mainz 05,Edimilson Fernandes,DM
Mainz 05,Jean-Paul Boëtius,AM
Mainz 05,Jean-Philippe Mateta,CF
Mainz 05,Jeffrey Bruma,CB
Mainz 05,Jerry St. Juste,CB
Mainz 05,Karim Onisiwo,WF
Mainz 05,Leandro Barreiro Martins,DM
Mainz 05,Levin Öztunalı,DM
Mainz 05,Moussa Niakhate,CB
Mainz 05,Pierre Kunde,WF
Mainz 05,Ridle Baku,AM
Mainz 05,Robin Quaison,CF
Mainz 05,Ronaël Pierre-Gabriel,FB
Mainz 05,Taiwo Awoniyi,WF
Mainz 05,Ádám Szalai,CF
Mallorca,Aleix Febas,DM
Mallorca,Alejandro Pozo Pozo,FB
Mallorca,Aleksandar Sedlar,CB
Mallorca,Ante Budimir,CF
Mallorca,Antonio Raillo,CB
Mallorca,Cucho,WF
Mallorca,Dani Rodríguez,DM
Mallorca,Fran Gámez,DM
Mallorca,Iddrisu Baba,DM
Mallorca,Joan Sastre Vanrell,FB
Mallorca,Lago Junior,DM
Mallorca,Lumor Agbenyenu,FB
Mallorca,Martin Valjent,CB
Mallorca,Salva Sevilla,DM
Mallorca,Takefusa Kubo,AM
Mallorca,Xisco Campos,CB
Manchester City,Aymeric Laporte,CB
Manchester City,Benjamin Mendy,FB
Manchester City,Bernardo Silva,WF
Manchester City,David Silva,AM
Manchester City,Eric García,CB
Manchester City,Fernandinho,DM
Manchester City,Gabriel Jesus,CF
Manchester City,John Stones,CB
Manchester City,João Cancelo,FB
Manchester City,Kevin De Bruyne,AM
Manchester City,Kyle Walker,FB
Manchester City,Nicolás Otamendi,CB
Manchester City,Oleksandr Zinchenko,FB
Manchester City,Phil Foden,AM
Manchester City,Raheem Sterling,WF
Manchester City,Riyad Mahrez,WF
Manchester City,Rodri,DM
Manchester City,Sergio Agüero,CF
Manchester City,İlkay Gündoğan,DM
Manchester Utd,Aaron Wan-Bissaka,FB
Manchester Utd,Andreas Pereira,WF
Manchester Utd,Anthony Martial,CF
Manchester Utd,Ashley Young,FB
Manchester Utd,Brandon Williams,FB
Manchester Utd,Bruno Fernandes,AM
Manchester Utd,Daniel James,WF
Manchester Utd,Fred,DM
Manchester Utd,Harry Maguire,CB
Manchester Utd,Jesse Lingard,WF
Manchester Utd,Juan Mata,WF
Manchester Utd,Luke Shaw,FB
Manchester Utd,Marcus Rashford,WF
Manchester Utd,Mason Greenwood,CF
Manchester Utd,Nemanja Matić,DM
Manchester Utd,Paul Pogba,DM
Manchester Utd,Scott McTominay,DM
Manchester Utd,Victor Lindelöf,CB
Marseille,Boubacar Kamara,CB
Marseille,Bouna Sarr,FB
Marseille,Darío Benedetto,CF
Marseille,Dimitri Payet,WF
Marseille,Duje Ćaleta-Car,CB
Marseille,Hiroki Sakai,FB
Marseille,Jordan Amavi,FB
Marseille,Kevin Strootman,AM
Marseille,Maxime Lopez,AM
Marseille,Morgan Sanson,WF
Marseille,Nemanja Radonjić,WF
Marseille,Valentin Rongier,DM
Marseille,Valère Germain,AM
Marseille,Álvaro González,CB
Metz,Adama Traoré,AM
Metz,Dylan Bronn,CB
Metz,Fabien Centonze,FB
Metz,Farid Boulaya,WF
Metz,Habib Diallo,CF
Metz,Habib Maïga,AM
Metz,Ibrahima Niane,CF
Metz,John Boye,CB
Metz,Kévin N'Doram,DM
Metz,Mamadou Fofana,AM
Metz,Marvin Gakpa,DM
Metz,Matthieu Udol,FB
Metz,Opa Nguette,WF
Metz,Renaud Cohade,DM
Metz,Stoppila Sunzu,CB
Metz,Thierry Ambrose,WF
Metz,Thomas Delaine,FB
Metz,Victorien Angban,DM
Metz,Vincent Pajot,AM
Milan,Alessio Romagnoli,CB
Milan,Alexis Saelemaekers,DM
Milan,Andrea Conti,AM
Milan,Ante Rebić,WF
Milan,Davide Calabria,FB
Milan,Franck Kessié,DM
Milan,Giacomo Bonaventura,AM
Milan,Hakan Çalhanoğlu,AM
Milan,Ismaël Bennacer,DM
Milan,Krzysztof Piątek,CF
Milan,Lucas Biglia,DM
Milan,Lucas Paquetá,WF
Milan,Mateo Musacchio,CB
Milan,Matteo Gabbia,CB
Milan,Rade Krunić,AM
Milan,Rafael Leão,WF
Milan,Samu Castillejo,WF
Milan,Simon Kjær,CB
Milan,Suso,FB
Milan,Theo Hernández,WF
Milan,Zlatan Ibrahimović,AM
Monaco,Adrien Silva,DM
Monaco,Aleksandr Golovin,WF
Monaco,Benjamin Henrichs,DM
Monaco,Benoît Mukinayi,CB
Monaco,Cesc Fàbregas,AM
Monaco,Fodé Ballo-Touré,FB
Monaco,Gelson Martins,WF
Monaco,Gil Bastião Dias,DM
Monaco,Guillermo Maripán,CB
Monaco,Islam Slimani,CF
Monaco,Kamil Glik,CB
Monaco,Keita Baldé,CF
Monaco,Ruben Aguilar,FB
Monaco,Stevan Jovetić,WF
Monaco,Tiemoué Bakayoko,DM
Monaco,Wissam Ben Yedder,WF
Monaco,Youssouf Fofana,DM
Montpellier,Ambroise Oyongo,FB
Montpellier,Andy Delort,CF
Montpellier,Arnaud Souquet,DM
Montpellier,Damien Le Tallec,DM
Montpellier,Daniel Congré,CB
Montpellier,Florent Mollet,WF
Montpellier,Gaëtan Laborde,WF
Montpellier,Jordan Ferri,DM
Montpellier,Joris Chotard,DM
Montpellier,Junior Sambia,DM
Montpellier,Mihailo Ristić,DM
Montpellier,Nicolas Cozza,CB
Montpellier,Pedro Mendes,CB
Montpellier,Téji Savanier,AM
Montpellier,Vitorino Hilton,CB
Nantes,Abdoul Kader Bamba,AM
Nantes,Abdoulaye Touré,DM
Nantes,Andrei Girotto,CB
Nantes,Charles Traore,FB
Nantes,Dennis Appiah,DM
Nantes,Fábio,FB
Nantes,Imran Louza,DM
Nantes,Kalifa Coulibaly,CF
Nantes,Ludovic Blas,DM
Nantes,Mehdi Abeid,DM
Nantes,Molla Wagué,CB
Nantes,Moses Simon,WF
Nantes,Nicolas Pallois,CB
Nantes,Samuel Moutoussamy,DM
Napoli,Allan,DM
Napoli,Arkadiusz Milik,CF
Napoli,Diego Demme,AM
Napoli,Dries Mertens,WF
Napoli,Elif Elmas,WF
Napoli,Elseid Hysaj,FB
Napoli,Fabián Ruiz Peña,AM
Napoli,Fernando Llorente,CF
Napoli,Giovanni Di Lorenzo,FB
Napoli,Hirving Lozano,WF
Napoli,José Callejón,AM
Napoli,Kalidou Koulibaly,CB
Napoli,Kostas Manolas,CB
Napoli,Lorenzo Insigne,WF
Napoli,Matteo Politano,WF
Napoli,Mário Rui,FB
Napoli,Nikola Maksimović,CB
Napoli,Piotr Zieliński,AM
Napoli,Sebastiano Luperto,CB
Napoli,Stanislav Lobotka,DM
Newcastle Utd,Allan Saint-Maximin,CF
Newcastle Utd,Andy Carroll,CF
Newcastle Utd,Christian Atsu,AM
Newcastle Utd,Ciaran Clark,CB
Newcastle Utd,DeAndre Yedlin,FB
Newcastle Utd,Dwight Gayle,WF
Newcastle Utd,Emil Krafth,FB
Newcastle Utd,Fabian Schär,CB
Newcastle Utd,Federico Fernández,CB
Newcastle Utd,Isaac Hayden,DM
Newcastle Utd,Jamaal Lascelles,CB
Newcastle Utd,Javier Manquillo,FB
Newcastle Utd,Jetro Willems,FB
Newcastle Utd,Joelinton,CF
Newcastle Utd,Jonjo Shelvey,DM
Newcastle Utd,Matt Ritchie,FB
Newcastle Utd,Matthew Longstaff,DM
Newcastle Utd,Miguel Almirón,WF
Newcastle Utd,Nabil Bentaleb,DM
Newcastle Utd,Paul Dummett,CB
Newcastle Utd,Sean Longstaff,DM
Newcastle Utd,Valentino Lazaro,DM
Nice,Adam Ounas,CF
Nice,Adrien Tameze,DM
Nice,Alexis Claude-Maurice,CF
Nice,Andy Pelmard,CB
Nice,Arnaud Lusamba,AM
Nice,Christophe Hérelle,DM
Nice,Danilo Barbosa,DM
Nice,Dante,CB
Nice,Hicham Boudaoui,WF
Nice,Ignatius Ganago,CF
Nice,Kasper Dolberg,CF
Nice,Khéphren Thuram-Ulie,DM
Nice,Malang Sarr,CB
Nice,Myziane Maolida,CF
Nice,Patrick Burner,FB
Nice,Pierre Lees-Melou,WF
Nice,Racine Coly,WF
Nice,Stanley N'Soki,FB
Nice,Wylan Cyprien,AM
Nice,Youcef Attal,CF
Norwich City,Alexander Tettey,DM
Norwich City,Ben Godfrey,CB
Norwich City,Christoph Zimmermann,CB
Norwich City,Emi Buendía,DM
Norwich City,Grant Hanley,CB
Norwich City,Ibrahim Amadou,CB
Norwich City,Jamal Lewis,FB
Norwich City,Josip Drmić,CF
Norwich City,Kenny McLean,DM
Norwich City,Lukas Rupp,DM
Norwich City,Marco Stiepermann,DM
Norwich City,Mario Vrančić,WF
Norwich City,Max Aarons,FB
Norwich City,Moritz Leitner,FB
Norwich City,Ondrej Duda,DM
Norwich City,Onel Hernández,WF
Norwich City,Sam Byram,AM
Norwich City,Teemu Pukki,CF
Norwich City,Timm Klose,CB
Norwich City,Todd Cantwell,WF
Norwich City,Tom Trybull,DM
Nîmes,Anthony Briançon,CB
Nîmes,Florian Miguel,FB
Nîmes,Gaëtan Paquiez,DM
Nîmes,Haris Duljević,CF
Nîmes,Kevin Denkey,WF
Nîmes,Lamine Fomba,DM
Nîmes,Loïck Landre,DM
Nîmes,Lucas Deaux,DM
Nîmes,Nolan Roux,CF
Nîmes,Pablo Martinez,CB
Nîmes,Renaud Ripart,CF
Nîmes,Romain Philippoteaux,DM
Nîmes,Sidy Sarr,DM
Nîmes,Sofiane Alakouch,FB
Nîmes,Theo Valls,DM
Nîmes,Yassine Benrahou,CF
Nîmes,Zinedine Ferhat,FB
Osasuna,Adrián López,DM
Osasuna,Aridane Hernández,CB
Osasuna,Darko Brašanac,DM
Osasuna,David García,CB
Osasuna,Enric Gallego,CF
Osasuna,Ezequiel Ávila,CF
Osasuna,Facundo Roncaglia,FB
Osasuna,Fran Mérida,DM
Osasuna,Iñigo Pérez,AM
Osasuna,Jon Moncayola,DM
Osasuna,José Arnaiz,CF
Osasuna,Marc Cardona,CF
Osasuna,Nacho Vidal,FB
Osasuna,Oier Sanjurjo,DM
Osasuna,Pervis Estupiñán,FB
Osasuna,Robert Ibáñez,WF
Osasuna,Roberto Torres,CF
Osasuna,Rubén García,AM
Osasuna,Toni Lato,DM
Osasuna,Unai García,FB
Paderborn 07,Abdelhamid Sabiri,WF
Paderborn 07,Ben Zolinski,CF
Paderborn 07,Cauly Oliveira Souza,CF
Paderborn 07,Christian Strohdiek,CB
Paderborn 07,Christopher Antwi-Adjei,WF
Paderborn 07,Dennis Srbeny,CF
Paderborn 07,Gerrit Holtmann,DM
Paderborn 07,Jamilu Collins,FB
Paderborn 07,Kai Pröger,AM
Paderborn 07,Klaus Gjasula,DM
Paderborn 07,Laurent Jans,FB
Paderborn 07,Luca Kilian,FB
Paderborn 07,Mohamed Dräger,CB
Paderborn 07,Sebastian Schonlau,CB
Paderborn 07,Sebastian Vasiliadis,DM
Paderborn 07,Streli Mamba,CF
Paderborn 07,Sven Michel,CF
Paderborn 07,Uwe Hünemeier,CB
Paris S-G,Abdou Diallo,CB
Paris S-G,Ander Herrera,AM
Paris S-G,Colin Dagba,FB
Paris S-G,Edinson Cavani,CF
Paris S-G,Idrissa Gana Gueye,AM
Paris S-G,Juan Bernat,FB
Paris S-G,Julian Draxler,WF
Paris S-G,Kylian Mbappé,WF
Paris S-G,Layvin Kurzawa,FB
Paris S-G,Leandro Paredes,AM
Paris S-G,Marco Verratti,AM
Paris S-G,Marquinhos,AM
Paris S-G,Mauro Icardi,CF
Paris S-G,Neymar,WF
Paris S-G,Pablo Sarabia,AM
Paris S-G,Presnel Kimpembe,CB
Paris S-G,Thiago Silva,CB
Paris S-G,Thilo Kehrer,DM
Paris S-G,Thomas Meunier,FB
Paris S-G,Ángel Di María,WF
Parma,Alberto Grassi,DM
Parma,Andreas Cornelius,CF
Parma,Antonino Barillà,DM
Parma,Bruno Alves,CB
Parma,Dejan Kulusevski,WF
Parma,Gastón Brugman,DM
Parma,Gervinho,CF
Parma,Gianluca Caprari,WF
Parma,Giuseppe Pezzella,FB
Parma,Hernani,AM
Parma,Jasmin Kurtić,DM
Parma,Juraj Kucka,WF
Parma,Kastriot Dermaku,CB
Parma,Matteo Darmian,FB
Parma,Matteo Scozzarella,DM
Parma,Mattia Sprocati,WF
Parma,Riccardo Gagliolo,FB
Parma,Roberto Inglese,CF
Parma,Simone Iacoponi,CB
Parma,Yann Karamoh,AM
RB Leipzig,Amadou Haidara,AM
RB Leipzig,Angeliño,FB
RB Leipzig,Christopher Nkunku,WF
RB Leipzig,Dani Olmo,AM
RB Leipzig,Dayot Upamecano,CB
RB Leipzig,Diego Demme,DM
RB Leipzig,Emil Forsberg,WF
RB Leipzig,Ibrahima Konaté,CB
RB Leipzig,Kevin Kampl,DM
RB Leipzig,Konrad Laimer,AM
RB Leipzig,Lukas Klostermann,DM
RB Leipzig,Marcel Halstenberg,FB
RB Leipzig,Marcel Sabitzer,AM
RB Leipzig,Nordi Mukiele,FB
RB Leipzig,Patrik Schick,CF
RB Leipzig,Timo Werner,WF
RB Leipzig,Tyler Adams,DM
RB Leipzig,Willi Orban,CB
RB Leipzig,Yussuf Poulsen,CF
Real Madrid,Casemiro,DM
Real Madrid,Dani Carvajal,FB
Real Madrid,Eden Hazard,WF
Real Madrid,Federico Valverde,AM
Real Madrid,Ferland Mendy,FB
Real Madrid,Gareth Bale,CF
Real Madrid,Isco,AM
Real Madrid,Karim Benzema,CF
Real Madrid,Lucas Vázquez,AM
Real Madrid,Luka Modrić,AM
Real Madrid,Marcelo,FB
Real Madrid,Raphaël Varane,CB
Real Madrid,Rodrygo,WF
Real Madrid,Sergio Ramos,CB
Real Madrid,Toni Kroos,DM
Real Madrid,Vinicius Júnior,WF
Real Madrid,Éder Militão,CB
Real Sociedad,Adnan Januzaj,FB
Real Sociedad,Alexander Isak,WF
Real Sociedad,Ander Guevara,DM
Real Sociedad,Andoni Gorosabel,FB
Real Sociedad,Aritz Elustondo,CB
Real Sociedad,Diego Llorente,CB
Real Sociedad,Igor Zubeldia,FB
Real Sociedad,Joseba Zaldúa,FB
Real Sociedad,Martin Ødegaard,AM
Real Sociedad,Martín Zubimendi,AM
Real Sociedad,Mikel Merino,DM
Real Sociedad,Mikel Oyarzabal,CF
Real Sociedad,Nacho Monreal,FB
Real Sociedad,Portu,WF
Real Sociedad,Robin Le Normand,CB
Real Sociedad,Willian José,CF
Reims,Alaixys Romao,DM
Reims,Anastasios Donis,WF
Reims,Axel Disasi,CB
Reims,Boulaye Dia,CF
Reims,Dereck Kutesa,FB
Reims,Ghislain Konan,FB
Reims,Hassane Kamara,FB
Reims,Marshall Munetsi,DM
Reims,Mathieu Cafaro,WF
Reims,Moreto Cassamã,FB
Reims,Moussa Doumbia,DM
Reims,Remi Oudin,CF
Reims,Thomas Foket,FB
Reims,Tristan Dingomé,DM
Reims,Xavier Chavalerin,DM
Reims,Yunis Abdelhamid,CB
Rennes,Adrien Hunou,WF
Rennes,Benjamin Bourigeaud,DM
Rennes,Clément Grenier,DM
Rennes,Damien Da Silva,CB
Rennes,Eduardo Camavinga,DM
Rennes,Faitout Maouassa,FB
Rennes,Flavien Tait,WF
Rennes,Hamari Traoré,FB
Rennes,James Lea Siliki,DM
Rennes,Joris Gnagnon,CB
Rennes,Jérémy Gélin,FB
Rennes,Jérémy Morel,CB
Rennes,M'Baye Niang,CF
Rennes,Raphael Dias Belloli,WF
Rennes,Romain Del Castillo,AM
Roma,Aleksandar Kolarov,WF
Roma,Alessandro Florenzi,FB
Roma,Amadou Diawara,AM
Roma,Bruno Peres,FB
Roma,Bryan Cristante,DM
Roma,Carles Pérez,CF
Roma,Cengiz Ünder,WF
Roma,Chris Smalling,CB
Roma,Davide Santon,FB
Roma,Diego Perotti,DM
Roma,Edin Džeko,CF
Roma,Federico Fazio,CB
Roma,Gianluca Mancini,CB
Roma,Henrikh Mkhitaryan,WF
Roma,Javier Pastore,WF
Roma,Jordan Veretout,DM
Roma,Justin Kluivert,WF
Roma,Leonardo Spinazzola,FB
Roma,Lorenzo Pellegrini,WF
Roma,Nicolò Zaniolo,CF
Roma,Nikola Kalinić,CF
Roma,Roger Ibanez,DM
SPAL,Alessandro Murgia,DM
SPAL,Andrea Petagna,CF
SPAL,Arkadiusz Reca,FB
SPAL,Bryan Dabo,AM
SPAL,Espeto,DM
SPAL,Federico Di Francesco,CF
SPAL,Felipe dal Belo,CB
SPAL,Francesco Vicari,CB
SPAL,Igor,FB
SPAL,Jacopo Sala,FB
SPAL,Jasmin Kurtić,WF
SPAL,Kevin Bonifazi,CB
SPAL,Marco D'Alessandro,FB
SPAL,Mattia Valoti,WF
SPAL,Mirko Valdifiori,DM
SPAL,Nenad Tomović,FB
SPAL,Sergio Floccari,DM
SPAL,Simone Missiroli,FB
SPAL,Thiago Cionek,FB
Saint-Étienne,Arnaud Nordin,AM
Saint-Étienne,Charles Abi,DM
Saint-Étienne,Denis Bouanga,WF
Saint-Étienne,Franck Honorat,AM
Saint-Étienne,Harold Moukoudi,CB
Saint-Étienne,Jean-Eudes Aholou,DM
Saint-Étienne,Lois Diony,WF
Saint-Étienne,Loïc Perrin,CB
Saint-Étienne,Mahdi Camara,DM
Saint-Étienne,Mathieu Debuchy,FB
Saint-Étienne,Miguel Trauco,FB
Saint-Étienne,Romain Hamouma,WF
Saint-Étienne,Ryad Boudebouz,DM
Saint-Étienne,Sergi Palencia,DM
Saint-Étienne,Timothée Kolodziejczak,CB
Saint-Étienne,Wahbi Khazri,WF
Saint-Étienne,Wesley Fofana,CB
Saint-Étienne,William Saliba,CB
Saint-Étienne,Yann M'Vila,DM
Saint-Étienne,Yohan Cabaye,DM
Saint-Étienne,Zaydou Youssouf,CB
Sampdoria,Albin Ekdal,DM
Sampdoria,Alex Ferrari,CB
Sampdoria,Andrea Bertolacci,DM
Sampdoria,Bartosz Bereszyński,FB
Sampdoria,Fabio Depaoli,DM
Sampdoria,Fabio Quagliarella,CF
Sampdoria,Federico Bonazzoli,CF
Sampdoria,Gastón Ramírez,CF
Sampdoria,Gianluca Caprari,WF
Sampdoria,Jakub Jankto,DM
Sampdoria,Jeison Murillo,CB
Sampdoria,Julian Chabot,CB
Sampdoria,Karol Linetty,AM
Sampdoria,Lorenzo Tonelli,FB
Sampdoria,Manolo Gabbiadini,CF
Sampdoria,Maya Yoshida,CB
Sampdoria,Mehdi Léris,DM
Sampdoria,Morten Thorsby,DM
Sampdoria,Nicola Murru,FB
Sampdoria,Omar Colley,CB
Sampdoria,Ronaldo Vieira,DM
Sassuolo,Alfred Duncan,AM
Sassuolo,Domenico Berardi,WF
Sassuolo,Federico Peluso,CB
Sassuolo,Filip Đuričić,WF
Sassuolo,Filippo Romagna,CB
Sassuolo,Francesco Caputo,CF
Sassuolo,Francesco Magnanelli,DM
Sassuolo,Gian Marco Ferrari,CB
Sassuolo,Giorgos Kiriakopoulos,FB
Sassuolo,Grégoire Defrel,CF
Sassuolo,Hamed Junior Traorè,WF
Sassuolo,Jeremie Boga,WF
Sassuolo,Jeremy Toljan,FB
Sassuolo,Manuel Locatelli,DM
Sassuolo,Marlon,CB
Sassuolo,Mehdi Bourabia,AM
Sassuolo,Mert Müldür,FB
Sassuolo,Pedro Obiang,DM
Sassuolo,Rogério,FB
Sassuolo,Vlad Chiricheș,CB
Schalke 04,Ahmed Kutucu,CF
Schalke 04,Alessandro Schöpf,DM
Schalke 04,Amine Harit,AM
Schalke 04,Bastian Oczipka,FB
Schalke 04,Benito Raman,CF
Schalke 04,Daniel Caligiuri,AM
Schalke 04,Guido Burgstaller,CF
Schalke 04,Jonjoe Kenny,FB
Schalke 04,Juan Miranda,FB
Schalke 04,Matija Nastasić,CB
Schalke 04,Michael Gregoritsch,CF
Schalke 04,Omar Mascarell,DM
Schalke 04,Ozan Kabak,CB
Schalke 04,Rabbi Matondo,WF
Schalke 04,Salif Sané,CB
Schalke 04,Suat Serdar,WF
Schalke 04,Weston McKennie,DM
Sevilla,Daniel Carriço,CB
Sevilla,Diego Carlos,CB
Sevilla,Fernando,DM
Sevilla,Franco Vázquez,DM
Sevilla,Jesús Navas,FB
Sevilla,Joan Jordán,DM
Sevilla,Jules Koundé,CB
Sevilla,Lucas Ocampos,WF
Sevilla,Luuk de Jong,CF
Sevilla,Munir El Haddadi,WF
Sevilla,Nemanja Gudelj,FB
Sevilla,Nolito,CF
Sevilla,Sergi Gómez,CB
Sevilla,Sergio Escudero,FB
Sevilla,Sergio Reguilón,FB
Sevilla,Suso,FB
Sevilla,Youssef En-Nesyri,CF
Sevilla,Éver Banega,AM
Sevilla,Óliver Torres,AM
Sheffield Utd,Ben Osborn,AM
Sheffield Utd,Billy Sharp,CF
Sheffield Utd,Callum Robinson,CF
Sheffield Utd,Chris Basham,FB
Sheffield Utd,David McGoldrick,WF
Sheffield Utd,Enda Stevens,FB
Sheffield Utd,George Baldock,FB
Sheffield Utd,Jack O'Connell,DM
Sheffield Utd,John Egan,CB
Sheffield Utd,John Fleck,DM
Sheffield Utd,John Lundstram,AM
Sheffield Utd,Lys Mousset,CF
Sheffield Utd,Oliver McBurnie,CF
Sheffield Utd,Oliver Norwood,DM
Sheffield Utd,Sander Berge,DM
Southampton,Che Adams,CF
Southampton,Cédric Soares,DM
Southampton,Danny Ings,WF
Southampton,Jack Stephens,CB
Southampton,James Ward-Prowse,DM
Southampton,Jan Bednarek,CB
Southampton,Jannik Vestergaard,CB
Southampton,Kyle Walker-Peters,FB
Southampton,Maya Yoshida,CB
Southampton,Michael Obafemi,CF
Southampton,Moussa Djenepo,WF
Southampton,Nathan Redmond,WF
Southampton,Oriol Romeu,DM
Southampton,Pierre Højbjerg,DM
Southampton,Ryan Bertrand,FB
Southampton,Shane Long,WF
Southampton,Sofiane Boufal,AM
Southampton,Stuart Armstrong,WF
Southampton,Yan Valery,FB
Strasbourg,Adrien Thomasson,AM
Strasbourg,Alexander Djiku,CB
Strasbourg,Anthony Caci,FB
Strasbourg,Dimitri Liénard,AM
Strasbourg,Ibrahima Sissoko,DM
Strasbourg,Jean-Ricner Bellegarde,DM
Strasbourg,Kenny Lala,FB
Strasbourg,Kévin Zohi,WF
Strasbourg,Lamine Koné,CB
Strasbourg,Lebo Mothiba,CF
Strasbourg,Lionel Carole,FB
Strasbourg,Ludovic Ajorque,CF
Strasbourg,Mohamed Simakan,FB
Strasbourg,Nuno da Costa,WF
Strasbourg,Stefan Mitrović,CB
Strasbourg,Youssouf Fofana,DM
Torino,Andrea Belotti,WF
Torino,Armando Izzo,FB
Torino,Cristian Ansaldi,FB
Torino,Daniele Baselli,DM
Torino,Diego Laxalt,FB
Torino,Gleison Bremer,AM
Torino,Lorenzo De Silvestri,FB
Torino,Lyanco,CB
Torino,Nicolas Nkoulou,CB
Torino,Ola Aina,FB
Torino,Saša Lukić,DM
Torino,Simone Verdi,WF
Torino,Simone Zaza,CF
Torino,Soualiho Meïté,DM
Torino,Tomás Rincón,DM
Torino,Álex Berenguer,WF
Tottenham,Ben Davies,FB
Tottenham,Christian Eriksen,AM
Tottenham,Danny Rose,FB
Tottenham,Davinson Sánchez,CB
Tottenham,Dele Alli,AM
Tottenham,Eric Dier,DM
Tottenham,Giovani Lo Celso,AM
Tottenham,Harry Kane,CF
Tottenham,Harry Winks,AM
Tottenham,Jan Vertonghen,CB
Tottenham,Japhet Tanganga,FB
Tottenham,Lucas Moura,WF
Tottenham,Moussa Sissoko,AM
Tottenham,Serge Aurier,FB
Tottenham,Son Heung-min,WF
Tottenham,Steven Bergwijn,WF
Tottenham,Tanguy Ndombele,DM
Tottenham,Toby Alderweireld,CB
Tottenham,Érik Lamela,WF
Toulouse,Aaron Leya Iseka,CF
Toulouse,Agustín Rogel,CB
Toulouse,Bafodé Diakité,CB
Toulouse,Efthimis Koulouris,CF
Toulouse,Ibrahim Sangaré,DM
Toulouse,Issiaga Sylla,FB
Toulouse,Jean-Victor Makengo,DM
Toulouse,Kelvin Amian,FB
Toulouse,Kouadio Koné,DM
Toulouse,Mathieu Dossevi,DM
Toulouse,Max Gradel,WF
Toulouse,Nicolas Isimat-Mirin,CB
Toulouse,Quentin Boisgard,DM
Toulouse,Ruben Gabrielsen,CB
Toulouse,Steven Moreira,FB
Toulouse,Wesley Saïd,CF
Toulouse,William Vainqueur,DM
Toulouse,Yaya Sanogo,CF
Udinese,Bram Nuytinck,CB
Udinese,Hidde ter Avest,FB
Udinese,Ilija Nestorovski,CF
Udinese,Jens Stryger Larsen,FB
Udinese,Ken Sema,FB
Udinese,Kevin Lasagna,CF
Udinese,Mato Jajalo,DM
Udinese,Rodrigo Becão,FB
Udinese,Rodrigo De Paul,WF
Udinese,Rolando Mandragora,WF
Udinese,Samir Santos,AM
Udinese,Sebastien De Maio,CB
Udinese,Seko Fofana,AM
Udinese,Stefano Okaka,WF
Udinese,Walace,DM
Udinese,William Troost-Ekong,CB
Union Berlin,Anthony Ujah,CF
Union Berlin,Christian Gentner,DM
Union Berlin,Christopher Lenz,DM
Union Berlin,Christopher Trimmel,FB
Union Berlin,Florian Hübner,CB
Union Berlin,Grischa Prömel,DM
Union Berlin,Ken Reichel,FB
Union Berlin,Keven Schlotterbeck,CB
Union Berlin,Marcus Ingvartsen,CF
Union Berlin,Marius Bülter,DM
Union Berlin,Marvin Friedrich,CB
Union Berlin,Michael Parensen,CB
Union Berlin,Neven Subotić,CB
Union Berlin,Robert Andrich,DM
Union Berlin,Sebastian Andersson,CF
Union Berlin,Sheraldo Becker,AM
Union Berlin,Yunus Mallı,DM
Valencia,Alessandro Florenzi,FB
Valencia,Carlos Soler,DM
Valencia,Daniel Parejo,AM
Valencia,Daniel Wass,FB
Valencia,Denis Cheryshev,CF
Valencia,Eliaquim Mangala,CB
Valencia,Ezequiel Garay,CB
Valencia,Ferrán Torres,CF
Valencia,Francis Coquelin,FB
Valencia,Gabriel Paulista,CB
Valencia,Geoffrey Kondogbia,DM
Valencia,Gonçalo Guedes,AM
Valencia,Jaume Costa,FB
Valencia,José Luis Gayà,FB
Valencia,Kévin Gameiro,CF
Valencia,Maxi Gómez,CF
Valencia,Mouctar Diakhaby,CB
Valencia,Rodrigo,CF
Valladolid,Antoñito,FB
Valladolid,Enes Ünal,CF
Valladolid,Fede San Emeterio,DM
Valladolid,Javi Moyano,FB
Valladolid,Javi Sánchez,CB
Valladolid,Joaquín Fernández,DM
Valladolid,Kiko Olivas,CB
Valladolid,Mohammed Salisu,CB
Valladolid,Míchel,DM
Valladolid,Nacho,FB
Valladolid,Pablo Hervías,DM
Valladolid,Pedro Porro,FB
Valladolid,Raúl García,FB
Valladolid,Rubén Alcaraz,DM
Valladolid,Sandro Ramírez,CF
Valladolid,Sergi Guardiola,CF
Valladolid,Toni Villa,DM
Valladolid,Waldo Rubio,DM
Valladolid,Óscar Plano,WF
Villarreal,Alberto Moreno,FB
Villarreal,Andre-Frank Zambo Anguissa,DM
Villarreal,Carlos Bacca,CF
Villarreal,Gerard Moreno,CF
Villarreal,Javier Ontiveros,WF
Villarreal,Karl Toko Ekambi,CF
Villarreal,Manu Trigueros,AM
Villarreal,Mario Gaspar,FB
Villarreal,Moi Gómez,AM
Villarreal,Paco Alcácer,CF
Villarreal,Pau Torres,CB
Villarreal,Raúl Albiol,CB
Villarreal,Rubén Peña,DM
Villarreal,Samuel Chukwueze,WF
Villarreal,Santi Cazorla,AM
Villarreal,Vicente Iborra,DM
Villarreal,Xavi Quintillà,FB
Watford,Abdoulaye Doucouré,WF
Watford,Adam Masina,FB
Watford,Adrian Mariappa,FB
Watford,Andre Gray,CF
Watford,Christian Kabasele,DM
Watford,Craig Cathcart,CB
Watford,Craig Dawson,CB
Watford,Danny Welbeck,WF
Watford,Daryl Janmaat,DM
Watford,Gerard Deulofeu,WF
Watford,Ismaila Sarr,CF
Watford,José Holebas,FB
Watford,Kiko Femenía,FB
Watford,Nathaniel Chalobah,DM
Watford,Roberto Pereyra,DM
Watford,Tom Cleverley,AM
Watford,Troy Deeney,CF
Watford,Will Hughes,DM
Watford,Étienne Capoue,DM
Werder Bremen,Christian Groß,FB
Werder Bremen,Davie Selke,CF
Werder Bremen,Davy Klaassen,WF
Werder Bremen,Johannes Eggestein,CF
Werder Bremen,Josh Sargent,CF
Werder Bremen,Kevin Vogt,FB
Werder Bremen,Leonardo Bittencourt,AM
Werder Bremen,Ludwig Augustinsson,FB
Werder Bremen,Marco Friedl,FB
Werder Bremen,Maximilian Eggestein,DM
Werder Bremen,Michael Lang,CB
Werder Bremen,Milot Rashica,CF
Werder Bremen,Miloš Veljković,CB
Werder Bremen,Niklas Moisander,CB
Werder Bremen,Nuri Şahin,DM
Werder Bremen,Philipp Bargfrede,DM
Werder Bremen,Theodor Gebre Selassie,FB
Werder Bremen,Yuya Osako,WF
Werder Bremen,Ömer Toprak,CB
West Ham,Aaron Cresswell,FB
West Ham,Andriy Yarmolenko,CF
West Ham,Angelo Ogbonna,CB
West Ham,Arthur Masuaku,DM
West Ham,Declan Rice,DM
West Ham,Fabián Balbuena,CB
West Ham,Felipe Anderson,WF
West Ham,Issa Diop,CB
West Ham,Jarrod Bowen,WF
West Ham,Manuel Lanzini,WF
West Ham,Mark Noble,DM
West Ham,Michail Antonio,WF
West Ham,Pablo Fornals,AM
West Ham,Pablo Zabaleta,FB
West Ham,Robert Snodgrass,CF
West Ham,Ryan Fredericks,FB
West Ham,Sébastien Haller,CF
West Ham,Tomáš Souček,WF
Wolfsburg,Admir Mehmedi,AM
Wolfsburg,Daniel Ginczek,CF
Wolfsburg,Felix Klaus,WF
Wolfsburg,Jeffrey Bruma,CB
Wolfsburg,John Brooks,CB
Wolfsburg,Josip Brekalo,WF
Wolfsburg,Josuha Guilavogui,DM
Wolfsburg,João Victor Santos Sá,CF
Wolfsburg,Jérôme Roussillon,FB
Wolfsburg,Kevin Mbabu,AM
Wolfsburg,Marcel Tisserand,CB
Wolfsburg,Marin Pongračić,CB
Wolfsburg,Maximilian Arnold,AM
Wolfsburg,Renato Steffen,AM
Wolfsburg,Robin Knoche,CB
Wolfsburg,William,DM
Wolfsburg,Wout Weghorst,CF
Wolfsburg,Xaver Schlager,DM
Wolfsburg,Yannick Gerhardt,WF
Wolves,Adama Traoré,FB
Wolves,Diogo Jota,WF
Wolves,Jonny Castro,DM
Wolves,João Moutinho,AM
Wolves,Leander Dendoncker,DM
Wolves,Matt Doherty,WF
Wolves,Pedro Neto,WF
Wolves,Raúl Jiménez,CF
Wolves,Romain Saïss,CB
Wolves,Rúben Neves,DM
Wolves,Rúben Vinagre,FB
Wolves,Willy Boly,CB
